/*GRUPO 3, CADENA DE TIENDAS*/
/*PEREZ REYES ALISSON*/
/* DATOS INSERTADOS EN LA TABLA : TIENDA */
INSERT INTO TIENDA VALUES(1,'REPLICANTES', 'CALLE AMAZONAS', 'SAN ANTONIO', '090867', '0987470867', '0987470867');
INSERT INTO TIENDA VALUES(2,'VILLA GLOBAL', 'AV. DIEGO', 'SAN ISIDRO', '012150', '0985477841', '0934670464');
INSERT INTO TIENDA VALUES(3,'LA PERCHA', 'CIUDADELA CLAY', 'SAN JOSÉ', '320867', '0975770867', '0995970867');
INSERT INTO TIENDA VALUES(4,'ANIMUS', 'CALLES CUCUVE', 'BUENAVISTA', '120867', '0985410867', '0915274867');
INSERT INTO TIENDA VALUES(5,'TIRESIAS', 'AV. BENJAMIN', 'SAN FRANCISCO', '995190', '0981475633', '0945474444');
INSERT INTO TIENDA VALUES(6,'BETRAL', 'AV. TIGRAL', 'BELLAVISTA', '135891', '0985848613', '1945674747');
INSERT INTO TIENDA VALUES(7,'HIGH SHOPING', 'CALLE 12', 'SERGIO LOTE1', '113821', '0911170867', '1645676746');
INSERT INTO TIENDA VALUES(8,'DELEY', 'CALLE 16', 'VILLAMARINA', '113661', '0977717872', '7175742754');
INSERT INTO TIENDA VALUES(9,'FORGETY', 'AVE 4', 'ZERO', '333801', '0922713371', '7175792770');
INSERT INTO TIENDA VALUES(10,'ZEARE', 'CALLE 2', 'MONTEVIDEO', '880867', '0958178041', '7105701754');


/* DATOS INSERTADOS EN LA TABLA : GERENTE */
INSERT INTO GERENTE VALUES('1314857439', 'ERAZO', 'PANECILLO CALLE 2', '0911988283', '2018/01/12', 1);
INSERT INTO GERENTE VALUES('1311816266', 'ERAZO', 'MONUMENTO AVE 9', '0923419220', '2019/02/14', 2);
INSERT INTO GERENTE VALUES('1313790048', 'NESTOR', 'DIAGONAL A LA ROTONDA', '0986685981', '2018/05/14', 3);
INSERT INTO GERENTE VALUES('1314018470', 'SEBASTIAN', 'ATRAS DE ASADERO MONCE', '0111251969', '2018/12/04', 4);
INSERT INTO GERENTE VALUES('1315222133', 'ERAZO', 'CALLE JUAN', '0917273845', '2018/12/12', 5);
INSERT INTO GERENTE VALUES('1314741852', 'DAVID', 'LA PALMA', '0914275946', '2018/07/17', 6);
INSERT INTO GERENTE VALUES('1317541254', 'MANUEL', 'SAN SALVADOR', '0900275046', '2018/08/08', 7);
INSERT INTO GERENTE VALUES('1548612855', 'PEDRO', 'AVE MEDELLIN', '0937248351', '2017/07/14', 8);
INSERT INTO GERENTE VALUES('1413652249', 'ALEJANDRO', 'AVE MANTA', '0917573825', '2018/12/30', 9);
INSERT INTO GERENTE VALUES('1744623641', 'LEONADOR', 'RESIDENCIA AZTEQA', '0916725634', '2016/07/07', 10);


/* DATOS INSERTADOS EN LA TABLA : EMPLEADO */
INSERT INTO EMPLEADO VALUES('1389743832', 'CARLOS', 'CALLE 23', '0985275841', '2020/12/24', 1);
INSERT INTO EMPLEADO VALUES('1377781352', 'ADRIAN', 'CALLE 34D', '0917570842', '2020/11/01', 2);
INSERT INTO EMPLEADO VALUES('1335764852', 'HENRY', 'CALLE 20B', '0967773835', '2020/04/12', 3);
INSERT INTO EMPLEADO VALUES('1321477223', 'JUAN', 'CALLE 31C', '0935270296', '2021/11/02', 4);
INSERT INTO EMPLEADO VALUES('1334547852', 'CANDY', 'CALLE 123B', '0957274547', '2019/01/03', 5);
INSERT INTO EMPLEADO VALUES('1315515141', 'CRISHTIAN', 'CALLE 50Z', '0907234347', '2020/07/19', 6);
INSERT INTO EMPLEADO VALUES('1317581589', 'JOSE', 'CALLE 1KL', '0987264367', '2015/05/19', 7);
INSERT INTO EMPLEADO VALUES('1318819990', 'MATEO', 'AVE 300', '0982764401', '2019/05/19', 8);
INSERT INTO EMPLEADO VALUES('1316719008', 'BETO', 'AVE 11', '0980710101', '2016/12/07', 9);
INSERT INTO EMPLEADO VALUES('1313543035', 'DENNIS', 'AVE 30', '090517959', '2020/02/18', 10);

/* DATOS INSERTADOS EN LA TABLA : ARTÍCULO */
INSERT INTO ARTICULO VALUES('A10','LIBRO COLOREAR', 2.0 , 60, 1);
INSERT INTO ARTICULO VALUES('A11','MAQUINA COSER', 123.50 , 40, 2);
INSERT INTO ARTICULO VALUES('A12','ESCRITORIO DE OFICINA', 140 , 45, 3);
INSERT INTO ARTICULO VALUES('A13','GUANTES', 15.5 , 200 , 4);
INSERT INTO ARTICULO VALUES('A14','MEMORIA USB 4GB', 8.20 , 70 , 5);
INSERT INTO ARTICULO VALUES('A15','CAMISA TALLA M', 10 , 45 , 6);
INSERT INTO ARTICULO VALUES('A16','CORBATA COLOR AZUL', 6.4 , 80 , 7);
INSERT INTO ARTICULO VALUES('A17','MESA CUADRADA DE VIDRIO', 115 , 20 , 8);
INSERT INTO ARTICULO VALUES('A18','LAVADORA', 180 , 37 , 9);
INSERT INTO ARTICULO VALUES('A19','SILLA GAMER', 135 , 10 , 10);



/* DATOS INSERTADOS EN LA TABLA : CLIENTE */
INSERT INTO CLIENTE VALUES('1317224917','JULIA','CALLE 42A');
INSERT INTO CLIENTE VALUES('1308220799','PINN','CALLE 12B');
INSERT INTO CLIENTE VALUES('1306604807','STEVEN','CALLE 32C');
INSERT INTO CLIENTE VALUES('1396962434','JOSE','CALLE 25D');
INSERT INTO CLIENTE VALUES('1339174411','LUIS','AVE 266E');
INSERT INTO CLIENTE VALUES('1345199007','JOSTIN','AVE 76F');
INSERT INTO CLIENTE VALUES('1308489771','HUGO','CALLE 12V');
INSERT INTO CLIENTE VALUES('1313610292','CARLOS','CALLE 69B');
INSERT INTO CLIENTE VALUES('1314564560','MATIAS','CALLE 70J');
INSERT INTO CLIENTE VALUES('1336717171','MAXI','AVE 22Z');



/* DATOS INSERTADOS EN LA TABLA : FACTURA */

INSERT INTO FACTURA VALUES('F1111','2005/01/23', 1, '1317224917');
INSERT INTO FACTURA VALUES('F1112','2006/07/14', 1, '1308220799');
INSERT INTO FACTURA VALUES('F1122','2007/09/28', 2, '1306604807');
INSERT INTO FACTURA VALUES('F1212','2008/04/07', 3, '1314564560');
INSERT INTO FACTURA VALUES('F1313','2009/10/10', 4, '1314564560');
INSERT INTO FACTURA VALUES('F1417','2008/05/06', 5, '1396962434');
INSERT INTO FACTURA VALUES('F1371','2010/08/07', 6, '1314564560');
INSERT INTO FACTURA VALUES('F1414','2009/11/11', 7, '1308489771');
INSERT INTO FACTURA VALUES('F1515','2010/09/13', 8, '1336717171');
INSERT INTO FACTURA VALUES('F1616','2005/09/13', 9, '1314564560');


/* DATOS INSERTADOS EN LA TABLA : DETALLE_FACTURA */
INSERT INTO DETALLE_FACTURA VALUES('D1111', 5 , 3, 5.7, 'F1111', 'A10');
INSERT INTO DETALLE_FACTURA VALUES('D1112', 10 , 2, 222.3, 'F1112', 'A11');
INSERT INTO DETALLE_FACTURA VALUES('D1122', 12 , 4, 492.8, 'F1122', 'A12');
INSERT INTO DETALLE_FACTURA VALUES('D1212', 9 , 3, 42.32, 'F1212', 'A13');
INSERT INTO DETALLE_FACTURA VALUES('D1313', 12 , 4, 28.86, 'F1313', 'A14');
INSERT INTO DETALLE_FACTURA VALUES('D1417', 11 , 3, 26.7, 'F1417', 'A15');
INSERT INTO DETALLE_FACTURA VALUES('D1371', 9 , 2, 11.65, 'F1371', 'A16');
INSERT INTO DETALLE_FACTURA VALUES('D1414', 12 , 4, 404.8, 'F1414', 'A17');
INSERT INTO DETALLE_FACTURA VALUES('D1515', 11 , 1, 160.2, 'F1515', 'A18');
INSERT INTO DETALLE_FACTURA VALUES('D1616', 11 , 3, 360.45, 'F1616', 'A19');


